Date,中石化 (零售牌價),中國石油 (零售牌價),加德士 (零售牌價),埃索 (零售牌價),蜆殼 (零售牌價),中石化 (扣除門市折扣及燃油稅),中國石油 (扣除門市折扣及燃油稅),加德士 (扣除門市折扣及燃油稅),埃索 (扣除門市折扣及燃油稅),蜆殼 (扣除門市折扣及燃油稅)
2025/9/29,27.77,27.77,27.77,27.77,27.77,25.77,23.17,25.77,23.27,23.27
2025/9/30,27.77,27.77,27.77,27.77,27.77,25.77,23.17,25.77,23.27,23.27
2025/10/1,27.77,27.77,27.77,27.77,27.77,25.77,23.17,25.77,23.27,23.27
2025/10/2,27.77,27.77,27.77,27.77,27.77,25.77,23.17,25.77,23.27,23.27
2025/10/3,27.77,27.77,27.77,27.77,27.77,25.77,23.17,25.77,23.27,23.27
2025/10/4,27.77,27.77,27.77,27.77,27.77,25.77,23.17,25.77,23.27,23.27
2025/10/5,27.77,27.77,27.77,27.77,27.77,25.77,23.17,25.77,23.27,23.27
2025/10/6,27.77,27.77,27.77,27.77,27.77,25.77,23.17,25.77,23.27,23.27
2025/10/7,27.77,27.77,27.77,27.77,27.77,25.77,23.17,25.77,23.27,23.27
2025/10/8,27.77,27.77,27.77,27.77,27.77,25.77,23.17,25.77,23.27,23.27
2025/10/9,27.77,27.77,27.77,27.77,27.77,25.77,23.17,25.77,23.27,23.27
2025/10/10,27.77,27.77,27.77,27.77,27.77,25.77,23.17,25.77,23.27,23.27
2025/10/11,27.77,27.77,27.77,27.77,27.77,25.77,23.17,25.77,23.27,23.27
2025/10/12,27.77,27.77,27.77,27.77,27.77,25.77,23.17,25.77,23.27,23.27
2025/10/13,27.77,27.77,27.77,27.77,27.77,25.77,23.17,25.77,23.27,23.27
2025/10/14,27.77,27.77,27.77,27.77,27.77,25.77,23.17,25.77,23.27,23.27
2025/10/15,27.77,27.77,27.77,27.77,27.77,25.77,23.17,25.77,23.27,23.27
2025/10/16,27.77,27.77,27.77,27.77,27.77,25.77,23.17,25.77,23.27,23.27
2025/10/17,27.77,27.77,27.77,27.77,27.77,25.77,23.17,25.77,23.27,23.27
2025/10/18,27.77,27.77,27.77,27.77,27.77,25.77,23.17,25.77,23.27,23.27
2025/10/19,27.77,27.77,27.77,27.77,27.77,25.77,23.17,25.77,23.27,23.27
2025/10/20,27.77,27.77,27.77,27.77,27.77,25.77,23.17,25.77,23.27,23.27
2025/10/21,27.77,27.77,27.77,27.77,27.77,25.77,23.17,25.77,23.27,23.27
2025/10/22,27.77,27.77,27.77,27.77,27.77,25.77,23.17,25.77,23.27,23.27
2025/10/23,27.77,27.77,27.77,27.77,27.77,25.77,23.17,25.77,23.27,23.27
2025/10/24,27.77,27.77,27.77,27.77,27.77,25.77,23.17,25.77,23.27,23.27
2025/10/25,27.77,27.77,27.77,27.77,27.77,25.77,23.17,25.77,23.27,23.27
2025/10/26,27.77,27.77,27.77,27.77,27.77,25.77,23.17,25.77,23.27,23.27
2025/10/27,27.77,27.77,28.02,27.77,27.77,25.77,23.17,26.02,23.27,23.27
2025/10/28,27.77,27.77,28.02,27.77,28.02,25.77,23.17,26.02,23.27,23.52
2025/10/29,28.02,27.77,28.02,28.02,28.02,26.02,23.17,26.02,23.52,23.52
2025/10/30,28.02,28.02,28.02,28.02,28.02,26.02,23.42,26.02,23.52,23.52
2025/10/31,28.02,28.02,28.02,28.02,28.02,26.02,23.42,26.02,23.52,23.52
2025/11/1,28.02,28.02,28.02,28.02,28.02,26.02,23.42,26.02,23.52,23.52
2025/11/2,28.02,28.02,28.02,28.02,28.02,26.02,23.42,26.02,23.52,23.52
2025/11/3,28.02,28.02,28.02,28.02,28.02,26.02,23.42,26.02,23.52,23.52
2025/11/4,28.02,28.02,28.32,28.02,28.32,26.02,23.42,26.32,23.52,23.82
2025/11/5,28.32,28.32,28.32,28.32,28.32,26.32,23.72,26.32,23.82,23.82
2025/11/6,28.32,28.32,28.32,28.32,28.32,26.32,23.72,26.32,23.82,23.82
2025/11/7,28.32,28.32,28.32,28.32,28.32,26.32,23.72,26.32,23.82,23.82
2025/11/8,28.32,28.32,28.32,28.32,28.32,26.32,23.72,26.32,23.82,23.82
2025/11/9,28.32,28.32,28.32,28.32,28.32,26.32,23.72,26.32,23.82,23.82
2025/11/10,28.32,28.32,28.32,28.32,28.32,26.32,23.72,26.32,23.82,23.82
2025/11/11,28.32,28.32,28.32,28.32,28.32,26.32,23.72,26.32,23.82,23.82
2025/11/12,28.32,28.32,28.32,28.32,28.32,26.32,23.72,26.32,23.82,23.82
2025/11/13,28.32,28.32,28.32,28.32,28.32,26.32,23.72,26.32,23.82,23.82
2025/11/14,28.32,28.32,28.32,28.32,28.32,26.32,23.72,26.32,23.82,23.82
2025/11/15,28.32,28.32,28.32,28.32,28.32,26.32,23.72,26.32,23.82,23.82
2025/11/16,28.32,28.32,28.32,28.32,28.32,26.32,23.72,26.32,23.82,23.82
2025/11/17,28.32,28.32,28.32,28.32,28.32,26.32,23.72,26.32,23.82,23.82
2025/11/18,28.32,28.32,28.32,28.32,28.32,26.32,23.72,26.32,23.82,23.82
2025/11/19,28.32,28.32,28.52,28.32,28.32,26.32,23.72,26.52,23.82,23.82
2025/11/20,28.32,28.32,28.52,28.32,28.52,26.32,23.72,26.52,23.82,24.02
2025/11/21,28.52,28.52,28.52,28.52,28.52,26.52,23.92,26.52,24.02,24.02
2025/11/22,28.52,28.52,28.52,28.52,28.52,26.52,23.92,26.52,24.02,24.02
2025/11/23,28.52,28.52,28.52,28.52,28.52,26.52,23.92,26.52,24.02,24.02
2025/11/24,28.52,28.52,28.52,28.52,28.52,26.52,23.92,26.52,24.02,24.02
2025/11/25,28.52,28.52,28.52,28.52,28.52,26.52,23.92,26.52,24.02,24.02
2025/11/26,28.52,28.52,28.52,28.52,28.52,26.52,23.92,26.52,24.02,24.02
2025/11/27,28.52,28.52,28.52,28.52,28.52,26.52,23.92,26.52,24.02,24.02
2025/11/28,28.52,28.52,28.52,28.52,28.52,26.52,23.92,26.52,24.02,24.02
2025/11/29,28.52,28.52,28.52,28.52,28.52,26.52,23.92,26.52,24.02,24.02
2025/11/30,28.52,28.52,28.52,28.52,28.52,26.52,23.92,26.52,24.02,24.02
2025/12/1,28.52,28.52,28.52,28.52,28.52,26.52,23.92,26.52,24.02,24.02
2025/12/2,28.52,28.52,28.52,28.52,28.52,26.52,23.92,26.52,24.02,24.02
2025/12/3,28.52,28.52,28.52,28.52,28.52,26.52,23.92,26.52,24.02,24.02
2025/12/4,28.52,28.52,28.52,28.52,28.52,26.52,23.92,26.52,24.02,24.02
2025/12/5,28.52,28.52,28.52,28.52,28.52,26.52,23.92,26.52,24.02,24.02
2025/12/6,28.52,28.52,28.52,28.52,28.52,26.52,23.92,26.52,24.02,24.02
2025/12/7,28.52,28.52,28.52,28.52,28.52,26.52,23.92,26.52,24.02,24.02
2025/12/8,28.52,28.52,28.52,28.52,28.52,26.52,23.92,26.52,24.02,24.02
2025/12/9,28.52,28.52,28.52,28.52,28.52,26.52,23.92,26.52,24.02,24.02
2025/12/10,28.52,28.52,28.52,28.52,28.52,26.52,23.92,26.52,24.02,24.02
2025/12/11,28.52,28.52,28.32,28.32,28.52,26.52,23.92,26.32,23.82,24.02
2025/12/12,28.52,28.52,28.32,28.32,28.52,26.52,23.92,26.32,23.82,24.02
2025/12/13,28.32,28.52,28.32,28.32,28.32,26.32,23.92,26.32,23.82,23.82
2025/12/14,28.32,28.52,28.32,28.32,28.32,26.32,23.92,26.32,23.82,23.82
2025/12/15,28.32,28.32,28.32,28.32,28.32,26.32,23.72,26.32,23.82,23.82
2025/12/16,28.32,28.32,28.32,28.32,28.32,26.32,23.72,26.32,23.82,23.82
2025/12/17,28.32,28.32,28.32,28.32,28.32,26.32,23.72,26.32,23.82,23.82
2025/12/18,28.32,28.32,28.32,28.32,28.32,26.32,23.72,26.32,23.82,23.82
2025/12/19,28.32,28.32,28.32,28.32,28.32,26.32,23.72,26.32,23.82,23.82
2025/12/20,28.32,28.32,28.32,28.32,28.32,26.32,23.72,26.32,23.82,23.82
2025/12/21,28.32,28.32,28.32,28.32,28.32,26.32,23.72,26.32,23.82,23.82
2025/12/22,28.32,28.32,28.32,28.32,28.32,26.32,23.72,26.32,23.82,23.82
2025/12/23,28.32,28.32,28.32,28.32,28.32,26.32,23.72,26.32,23.82,23.82
2025/12/24,28.32,28.32,28.32,28.32,28.32,26.32,23.72,26.32,23.82,23.82
2025/12/25,28.32,28.32,28.32,28.32,28.32,26.32,23.72,26.32,23.82,23.82
2025/12/26,28.32,28.32,28.32,28.32,28.32,26.32,23.72,26.32,23.82,23.82
2025/12/27,28.32,28.32,28.32,28.32,28.32,26.32,23.72,26.32,23.82,23.82
2025/12/28,28.32,28.32,28.32,28.32,28.32,26.32,23.72,26.32,23.82,23.82
2025/12/29,28.32,28.32,28.32,28.32,28.32,26.32,23.72,26.32,23.82,23.82
2025/12/30,28.32,28.32,28.32,28.32,28.32,26.32,23.72,26.32,23.82,23.82
2025/12/31,28.32,28.32,28.32,28.32,28.32,26.32,23.72,26.32,23.82,23.82
2026/1/1,28.32,28.32,28.32,28.32,28.32,26.32,23.72,26.32,23.82,23.82
2026/1/2,28.32,28.32,28.32,28.32,28.32,26.32,23.72,26.32,23.82,23.82
2026/1/3,28.32,28.32,28.32,28.32,28.32,26.32,23.72,26.32,23.82,23.82
2026/1/4,28.32,28.32,28.32,28.32,28.32,26.32,23.72,26.32,23.82,23.82
2026/1/5,28.32,28.32,28.32,28.32,28.32,26.32,23.72,26.32,23.82,23.82
2026/1/6,28.32,28.32,28.32,28.32,28.32,26.32,23.72,26.32,23.82,23.82
2026/1/7,28.32,28.32,28.32,28.32,28.32,26.32,23.72,26.32,23.82,23.82
2026/1/8,28.32,28.32,28.32,28.32,28.32,26.32,23.72,26.32,23.82,23.82
2026/1/9,28.32,28.32,28.32,28.32,28.32,26.32,23.72,26.32,23.82,23.82
2026/1/10,28.32,28.32,28.32,28.32,28.32,26.32,23.72,26.32,23.82,23.82
2026/1/11,28.32,28.32,28.32,28.32,28.32,26.32,23.72,26.32,23.82,23.82
2026/1/12,28.32,28.32,28.32,28.32,28.32,26.32,23.72,26.32,23.82,23.82
2026/1/13,28.32,28.32,28.32,28.32,28.32,26.32,23.72,26.32,23.82,23.82
2026/1/14,28.32,28.32,28.32,28.32,28.32,26.32,23.72,26.32,23.82,23.82
2026/1/15,28.32,28.32,28.32,28.32,28.32,26.32,23.72,26.32,23.82,23.82
2026/1/16,28.32,28.32,28.52,28.32,28.52,26.32,23.72,26.52,23.82,24.02
2026/1/17,28.32,28.52,28.52,28.32,28.52,26.32,23.72,26.52,23.82,24.02
2026/1/18,28.32,28.52,28.52,28.32,28.52,26.32,23.72,26.52,23.82,24.02
2026/1/19,28.32,28.52,28.52,28.32,28.52,26.32,23.92,26.52,23.82,24.02
2026/1/20,28.52,28.52,28.52,28.52,28.52,26.52,23.92,26.52,24.02,24.02
2026/1/21,28.52,28.52,28.52,28.52,28.52,26.52,23.92,26.52,24.02,24.02
2026/1/22,28.52,28.52,28.52,28.52,28.52,26.52,23.92,26.52,24.02,24.02
2026/1/23,28.52,28.52,28.52,28.52,28.52,26.52,23.92,26.52,24.02,24.02
2026/1/24,28.52,28.52,28.52,28.52,28.52,26.52,23.92,26.52,24.02,24.02
2026/1/25,28.52,28.52,28.52,28.52,28.52,26.52,23.92,26.52,24.02,24.02
2026/1/26,28.52,28.52,28.52,28.52,28.52,26.52,23.92,26.52,24.02,24.02
2026/1/27,28.52,28.52,28.72,28.52,28.72,26.52,24.12,26.72,24.02,24.22
2026/1/28,28.72,28.72,28.72,28.72,28.72,26.72,24.12,26.72,24.22,24.22
2026/1/29,28.72,28.72,28.72,28.72,28.72,26.72,24.12,26.72,24.22,24.22
2026/1/30,28.72,28.72,28.72,28.72,28.72,26.72,24.12,26.72,24.22,24.22
2026/1/31,28.72,28.72,28.72,28.72,28.72,26.72,24.12,26.72,24.22,24.22
2026/2/1,28.72,28.72,28.72,28.72,28.72,26.72,24.12,26.72,24.22,24.22
2026/2/2,28.72,28.72,28.97,28.72,28.72,26.72,24.12,26.97,24.22,24.22
2026/2/3,28.72,28.72,28.97,28.72,28.97,26.72,24.12,26.97,24.22,24.47
2026/2/4,28.97,28.97,28.97,28.97,28.97,26.97,24.37,26.97,24.47,24.47
2026/2/5,28.97,28.97,28.97,28.97,28.97,26.97,24.37,26.97,24.47,24.47
2026/2/6,28.97,28.97,28.97,28.97,28.97,26.97,24.37,26.97,24.47,24.47
2026/2/7,28.97,28.97,28.97,28.97,28.97,26.97,24.37,26.97,24.47,24.47
2026/2/8,28.97,28.97,28.97,28.97,28.97,26.97,24.37,26.97,24.47,24.47
2026/2/9,28.97,28.97,28.97,28.97,28.97,26.97,24.37,26.97,24.47,24.47
2026/2/10,28.97,28.97,28.97,28.97,28.97,26.97,24.37,26.97,24.47,24.47
2026/2/11,28.97,28.97,28.97,28.97,28.97,26.97,24.37,26.97,24.47,24.47
2026/2/12,28.97,28.97,28.97,28.97,28.97,26.97,24.37,26.97,24.47,24.47
2026/2/13,28.97,28.97,28.97,28.97,28.97,26.97,24.37,26.97,24.47,24.47
2026/2/14,28.97,28.97,28.97,28.97,28.97,26.97,24.37,26.97,24.47,24.47
2026/2/15,28.97,28.97,28.97,28.97,28.97,26.97,24.37,26.97,24.47,24.47
2026/2/16,28.97,28.97,28.97,28.97,28.97,26.97,24.37,26.97,24.47,24.47
2026/2/17,28.97,28.97,28.97,28.97,28.97,26.97,24.37,26.97,24.47,24.47
2026/2/18,28.97,28.97,28.97,28.97,28.97,26.97,24.37,26.97,24.47,24.47
2026/2/19,28.97,28.97,28.97,28.97,28.97,26.97,24.37,26.97,24.47,24.47
2026/2/20,28.97,28.97,28.97,28.97,28.97,26.97,24.37,26.97,24.47,24.47
2026/2/21,28.97,28.97,28.97,28.97,29.27,26.97,24.37,26.97,24.47,24.77
2026/2/22,28.97,28.97,28.97,28.97,29.27,26.97,24.37,26.97,24.47,24.77
2026/2/23,28.97,28.97,29.27,28.97,29.27,26.97,24.37,27.27,24.47,24.77
2026/2/24,29.27,29.27,29.27,29.27,29.27,27.27,24.67,27.27,24.77,24.77
2026/2/25,29.27,29.27,29.27,29.27,29.27,27.27,24.67,27.27,24.77,24.77
2026/2/26,29.27,29.27,29.27,29.27,29.27,27.27,24.67,27.27,24.77,24.77
2026/2/27,29.27,29.27,29.27,29.27,29.27,27.27,24.67,27.27,24.77,24.77
2026/2/28,29.27,29.27,29.27,29.27,29.27,27.27,24.67,27.27,24.77,24.77
2026/3/1,29.27,29.27,29.27,29.27,29.27,27.27,24.67,27.27,24.77,24.77
2026/3/2,29.27,29.27,29.57,29.27,29.57,27.27,24.67,27.57,24.77,25.07
2026/3/3,29.27,29.27,29.77,29.77,29.87,27.27,24.97,27.57,25.27,25.37
2026/3/4,29.77,29.27,30.07,29.77,29.87,27.77,24.97,28.07,25.27,25.37
2026/3/5,29.77,29.87,30.07,29.87,30.37,27.77,25.27,28.07,25.37,25.87
2026/3/6,30.07,30.07,30.37,30.07,30.37,28.07,25.47,28.37,25.57,25.87
2026/3/7,30.37,30.07,30.37,30.37,30.37,28.37,25.47,28.37,25.87,25.87
2026/3/8,30.37,30.07,30.37,30.37,30.37,28.37,25.47,28.37,25.87,25.87
2026/3/9,30.37,30.37,30.37,30.37,30.87,28.37,25.77,28.37,25.87,26.37
2026/3/10,30.37,30.87,30.87,30.37,30.87,28.37,26.27,28.87,25.87,26.37
2026/3/11,30.87,30.87,30.87,30.87,30.87,28.87,26.27,28.87,26.37,26.37
2026/3/12,30.87,30.87,30.87,30.87,30.87,28.87,26.27,28.87,26.37,26.37
2026/3/13,30.87,30.87,30.87,30.87,31.37,28.87,26.27,28.87,26.37,26.87
2026/3/14,30.87,30.87,30.87,30.87,31.37,28.87,26.27,28.87,26.37,26.87
2026/3/15,30.87,31.37,31.47,30.87,31.37,28.87,26.77,29.47,26.37,26.87
2026/3/16,30.87,31.37,31.47,30.87,31.37,28.87,26.77,29.47,26.37,26.87
2026/3/17,31.37,31.37,31.47,31.47,31.37,29.37,26.77,29.47,26.97,26.87
2026/3/18,31.47,31.47,31.97,31.47,31.97,29.47,26.87,29.97,26.97,27.47
2026/3/19,31.47,31.47,31.97,31.47,31.97,29.47,26.87,29.97,26.97,27.47
2026/3/20,31.97,31.97,31.97,31.97,31.97,29.97,27.37,29.97,27.47,27.47
2026/3/21,31.97,31.97,31.97,31.97,31.97,29.97,27.37,29.97,27.47,27.47
2026/3/22,31.97,31.97,31.97,31.97,31.97,29.97,27.37,29.97,27.47,27.47
2026/3/23,31.97,31.97,32.57,31.97,31.97,29.97,27.37,30.57,27.47,27.47
2026/3/24,31.97,31.97,32.57,31.97,32.57,29.97,27.37,30.57,27.47,28.07
2026/3/25,32.57,32.57,32.57,32.57,32.57,30.57,27.97,30.57,28.07,28.07
2026/3/26,32.57,32.57,32.57,32.57,32.57,30.57,27.97,30.57,28.07,28.07
2026/3/27,32.57,32.57,33.17,32.57,33.17,30.57,27.97,31.17,28.07,28.67
2026/3/28,33.17,33.17,33.17,33.17,33.17,31.17,28.57,31.17,28.67,28.67
2026/3/29,33.17,33.17,33.17,33.17,33.17,31.17,28.57,31.17,28.67,28.67
2026/3/30,33.17,33.17,33.17,33.17,33.17,31.17,28.57,31.17,28.67,28.67
2026/3/31,33.17,33.17,33.77,33.17,33.17,31.17,28.57,31.77,28.67,28.67
2026/4/1,33.17,33.17,33.77,33.17,33.77,31.17,28.57,31.77,28.67,29.27
2026/4/2,33.77,33.77,34.37,33.77,33.77,31.77,29.17,32.37,29.27,29.27
2026/4/3,33.77,33.77,34.37,33.77,34.37,31.77,29.17,32.37,29.27,29.87
2026/4/4,34.37,34.37,34.37,34.37,34.37,32.37,29.77,32.37,29.87,29.87
2026/4/5,34.37,34.37,34.37,34.37,34.97,32.37,29.77,32.37,29.87,30.47
2026/4/6,34.37,34.37,34.37,34.37,34.97,32.37,29.77,32.37,29.87,30.47
2026/4/7,34.37,34.37,34.97,34.97,34.97,32.37,29.77,32.97,30.47,30.47
2026/4/8,34.97,34.97,34.97,34.97,34.97,32.97,30.37,32.97,30.47,30.47
2026/4/9,34.97,34.97,34.97,34.97,34.97,32.97,30.37,32.97,30.47,30.47
2026/4/10,34.97,34.97,34.97,34.97,34.97,32.97,30.37,32.97,21.97,30.47
2026/4/11,34.97,34.97,34.97,34.97,34.97,32.97,30.37,32.97,21.97,30.47
2026/4/12,34.97,34.97,34.97,34.97,34.97,32.97,30.37,32.97,21.97,30.47
2026/4/13,34.97,34.97,34.97,34.97,34.97,32.97,30.37,32.97,21.97,30.47
2026/4/14,34.97,34.97,35.57,34.97,35.57,32.97,30.37,33.57,21.97,31.07
2026/4/15,35.57,35.57,35.57,35.57,35.57,33.57,30.97,33.57,22.57,31.07
2026/4/16,35.57,35.57,35.57,35.57,35.57,33.57,30.97,33.57,22.57,31.07
2026/4/17,35.57,35.57,35.57,35.57,35.57,33.57,30.97,33.57,22.57,31.07
2026/4/18,35.57,35.57,35.57,36.17,35.57,33.57,30.97,33.57,23.17,31.07
2026/4/19,35.57,35.57,36.17,36.17,35.57,33.57,30.97,34.17,23.17,31.07
2026/4/20,35.57,35.57,36.17,36.17,35.57,33.57,30.97,34.17,23.17,31.07
2026/4/21,36.17,36.17,36.17,36.17,36.17,34.17,31.57,34.17,23.17,31.67
2026/4/22,36.17,36.17,36.17,36.17,36.17,34.17,31.57,34.17,23.17,31.67
2026/4/23,36.17,36.17,36.77,36.17,36.77,34.17,31.57,34.77,23.17,32.27
2026/4/24,36.77,36.77,36.77,36.77,36.77,34.77,32.17,34.77,23.77,32.27
2026/4/25,36.77,36.77,36.77,36.77,36.77,34.77,32.17,34.77,23.77,32.27
2026/4/26,36.77,36.77,36.77,36.77,36.77,34.77,32.17,34.77,23.77,32.27
2026/4/27,36.77,36.77,36.77,36.77,36.77,34.77,32.17,34.77,23.77,32.27
2026/4/28,36.77,36.77,36.77,36.77,36.77,34.77,32.17,34.77,23.77,32.27
2026/4/29,36.77,36.77,36.77,36.77,36.77,34.77,32.17,34.77,23.77,32.27
2026/4/30,36.77,36.77,36.77,36.77,36.77,34.77,32.17,34.77,23.77,32.27
2026/5/1,36.77,36.77,36.77,36.77,36.77,34.77,32.17,34.77,23.77,32.27
2026/5/2,36.77,36.77,36.77,36.77,36.77,34.77,32.17,34.77,23.77,32.27
2026/5/3,36.77,36.77,36.77,36.77,36.77,34.77,32.17,34.77,23.77,32.27
2026/5/4,36.77,36.77,36.77,36.77,36.77,34.77,32.17,34.77,23.77,32.27
2026/5/5,36.77,36.77,36.77,36.77,36.77,34.77,32.17,34.77,23.77,32.27
2026/5/6,36.77,36.77,36.77,36.77,36.77,34.77,32.17,34.77,23.77,32.27
2026/5/7,36.77,36.77,36.77,36.77,36.77,34.77,32.17,34.77,23.77,32.27
2026/5/8,36.77,36.77,36.77,36.77,36.77,34.77,32.17,34.77,23.77,32.27
2026/5/9,36.77,36.77,36.77,36.77,36.77,34.77,32.17,34.77,23.77,32.27
2026/5/10,36.77,36.77,36.77,36.77,36.77,34.77,32.17,34.77,23.77,32.27
2026/5/11,36.77,36.77,36.77,36.77,36.77,34.77,32.17,34.77,23.77,32.27
2026/5/12,36.77,36.77,36.77,36.77,36.77,34.77,32.17,34.77,23.77,32.27
2026/5/13,36.77,36.77,36.77,36.77,36.77,34.77,32.17,34.77,23.77,32.27
2026/5/14,36.77,36.77,36.77,36.77,36.77,34.77,32.17,34.77,23.77,32.27
2026/5/15,36.77,36.77,36.77,36.77,36.77,34.77,32.17,34.77,23.77,32.27
2026/5/16,36.77,36.77,36.77,36.77,36.77,34.77,32.17,34.77,23.77,32.27
2026/5/17,36.77,36.77,36.77,36.77,36.77,34.77,32.17,34.77,23.77,32.27
2026/5/18,36.77,36.77,36.77,36.77,36.77,34.77,32.17,34.77,23.77,32.27
2026/5/19,36.77,36.77,36.77,36.77,36.77,34.77,32.17,34.77,23.77,32.27
2026/5/20,36.77,36.77,36.77,36.77,36.77,34.77,32.17,34.77,23.77,32.27
2026/5/21,36.77,36.77,36.77,36.77,36.77,34.77,32.17,34.77,23.77,32.27
2026/5/22,36.47,36.47,36.47,36.47,36.47,34.47,31.87,34.47,23.47,31.97
2026/5/23,36.47,36.47,36.47,36.47,36.47,34.47,31.87,34.47,23.47,31.97
2026/5/24,36.47,36.47,36.47,36.47,36.47,34.47,31.87,34.47,23.47,31.97
2026/5/25,36.47,36.47,36.47,36.47,36.47,34.47,31.87,34.47,23.47,31.97
2026/5/26,36.17,36.17,36.17,36.47,36.17,34.17,31.57,34.17,23.47,31.67
2026/5/27,36.17,36.17,36.17,36.47,36.17,34.17,31.57,34.17,23.47,31.67
2026/5/28,36.17,36.17,36.17,36.17,36.17,34.17,31.57,34.17,23.17,31.67
2026/5/29,36.17,36.17,36.17,36.17,36.17,34.17,31.57,34.17,23.17,31.67
2026/5/30,36.17,36.17,36.17,36.17,36.17,34.17,31.57,34.17,23.17,31.67
2026/5/31,36.17,36.17,36.17,36.17,36.17,34.17,31.57,34.17,23.17,31.67
2026/6/1,36.17,36.17,36.17,36.17,36.17,34.17,31.57,34.17,23.17,31.67
2026/6/2,35.97,35.97,35.97,35.97,35.97,33.97,31.37,33.97,22.97,31.47
2026/6/3,35.97,35.97,35.97,35.97,35.97,33.97,31.37,33.97,22.97,31.47
2026/6/4,35.97,35.97,35.97,35.97,35.97,33.97,31.37,33.97,22.97,31.47
2026/6/5,35.97,35.97,35.97,35.97,36.17,33.97,31.37,33.97,22.97,31.67
2026/6/6,35.97,35.97,35.97,35.97,36.17,33.97,31.37,33.97,22.97,31.67
2026/6/7,35.97,35.97,35.97,35.97,36.17,33.97,31.37,33.97,22.97,31.67
2026/6/8,35.97,35.97,35.97,35.97,35.97,33.97,31.37,33.97,22.97,31.47
2026/6/9,35.97,35.97,35.97,35.97,35.97,33.97,31.37,33.97,22.97,31.47
2026/6/10,35.97,35.97,35.97,35.97,35.97,33.97,31.37,33.97,22.97,31.47
2026/6/11,35.97,35.97,35.97,35.97,35.97,33.97,31.37,33.97,22.97,31.47
2026/6/12,35.97,35.97,35.97,35.97,35.97,33.97,31.37,33.97,22.97,31.47
2026/6/13,35.97,35.97,35.97,35.97,35.97,33.97,31.37,33.97,22.97,31.47
2026/6/14,35.97,35.97,35.97,35.97,35.97,33.97,31.37,33.97,22.97,31.47
2026/6/15,35.67,35.67,35.67,35.67,35.67,33.67,31.07,33.67,22.67,31.17
2026/6/16,35.67,35.67,35.67,35.67,35.67,33.67,31.07,33.67,22.67,31.17
2026/6/17,35.67,35.67,35.67,35.67,35.67,33.67,31.07,33.67,22.67,31.17
2026/6/18,35.67,35.67,35.67,35.67,35.67,33.67,31.07,33.67,22.67,31.17
2026/6/19,35.37,35.67,35.37,35.37,35.37,33.37,31.07,33.37,22.37,30.87
2026/6/20,35.37,35.37,35.37,35.37,35.37,33.37,30.77,33.37,22.37,30.87
2026/6/21,35.37,35.37,35.37,35.37,35.37,33.37,30.77,33.37,22.37,30.87
2026/6/22,35.37,35.37,35.37,35.37,35.37,33.37,30.77,33.37,22.37,30.87
2026/6/23,35.37,35.37,35.37,35.37,35.37,33.37,30.77,33.37,22.37,30.87
2026/6/24,35.07,35.07,35.07,35.07,35.07,33.07,30.47,33.07,22.07,30.57
2026/6/25,35.07,35.07,35.07,35.07,35.07,33.07,30.47,33.07,22.07,30.57
2026/6/26,34.57,34.57,34.57,34.57,34.57,32.57,29.97,32.57,21.57,30.07
2026/6/27,34.57,34.57,34.57,34.57,34.57,32.57,29.97,32.57,21.57,30.07
2026/6/28,34.57,34.57,34.57,34.57,34.57,32.57,29.97,32.57,21.57,30.07
2026/6/29,34.57,34.57,34.57,34.57,34.57,32.57,29.97,32.57,21.57,30.07
2026/6/30,33.72,33.72,33.72,33.87,33.72,31.72,29.12,31.72,20.87,29.22
2026/7/1,33.72,33.72,33.72,33.72,33.72,31.72,29.12,31.72,20.72,29.22
2026/7/2,33.72,33.72,33.72,33.72,33.72,31.72,29.12,31.72,20.72,29.22
2026/7/3,33.72,33.72,33.72,33.72,33.72,31.72,29.12,31.72,20.72,29.22
2026/7/4,33.72,33.72,33.72,33.72,33.72,31.72,29.12,31.72,20.72,29.22
2026/7/5,33.72,33.72,33.72,33.72,33.72,31.72,29.12,31.72,20.72,29.22
2026/7/6,33.72,33.72,33.72,33.72,33.72,31.72,29.12,31.72,20.72,29.22
2026/7/7,33.72,33.72,33.72,33.72,33.72,31.72,29.12,31.72,20.72,29.22
2026/7/8,33.72,33.72,33.92,33.72,33.72,31.72,29.12,31.92,20.72,29.22
2026/7/9,33.72,33.72,33.92,33.72,33.72,31.72,29.12,31.92,20.72,29.22
2026/7/10,33.72,33.72,33.92,33.72,33.72,31.72,29.12,31.92,20.72,29.22
2026/7/11,33.72,33.72,33.92,33.72,33.72,31.72,29.12,31.92,20.72,29.22
2026/7/12,33.72,33.72,33.92,33.72,33.72,31.72,29.12,31.92,20.72,29.22
2026/7/13,33.72,33.72,33.92,33.72,33.72,31.72,29.12,31.92,20.72,29.22
2026/7/14,33.72,33.72,33.92,33.72,33.92,31.72,29.12,31.92,20.72,29.42
2026/7/15,33.92,33.92,34.32,33.92,34.32,31.92,29.32,32.32,20.92,29.82
2026/7/16,34.32,34.32,34.32,34.32,34.32,32.32,29.72,32.32,21.32,29.82
2026/7/17,34.32,34.32,34.72,34.32,34.72,32.32,29.72,32.72,21.32,30.22
2026/7/18,34.72,34.72,34.72,34.72,34.72,32.72,30.12,32.72,21.72,30.22
2026/7/19,34.72,34.72,34.72,34.72,34.72,32.72,30.12,32.72,21.72,30.22
2026/7/20,34.72,34.72,34.72,34.72,35.12,32.72,30.12,32.72,21.72,30.62
2026/7/21,34.72,34.72,35.12,34.72,35.12,32.72,30.12,33.12,21.72,30.62
2026/7/22,35.12,35.22,35.12,35.22,35.51,33.12,30.62,33.12,22.22,31.01
2026/7/23,35.22,35.22,35.62,35.22,35.51,33.22,30.62,33.62,22.22,31.01
2026/7/24,35.51,35.57,35.62,35.52,36.13,33.51,30.97,33.62,22.52,31.63
2026/7/25,35.62,35.57,35.62,36.13,36.13,33.62,30.97,33.62,23.13,31.63
2026/7/26,35.62,35.57,35.62,36.13,36.13,33.62,30.97,33.62,23.13,31.63
2026/7/27,36.13,36.13,36.13,36.13,36.13,34.13,31.53,34.13,23.13,31.63
2026/7/28,36.13,36.13,36.13,36.13,36.13,34.13,31.53,34.13,23.13,31.63
2026/7/29,36.13,36.13,36.13,36.13,36.13,34.13,31.53,34.13,23.13,31.63
2026/7/30,36.13,36.13,36.13,36.13,36.13,34.13,31.53,34.13,23.13,31.63
2026/7/31,36.13,36.13,36.13,36.13,36.53,34.13,31.53,34.13,23.13,32.03
2026/8/1,36.13,36.13,36.13,36.13,36.53,34.13,31.53,34.13,23.13,32.03
2026/8/2,36.13,36.13,36.13,36.13,36.53,34.13,31.53,34.13,23.13,32.03
2026/8/3,36.13,36.13,36.13,36.13,36.53,34.13,31.53,34.13,23.13,32.03
2026/8/4,36.13,36.13,36.13,36.13,36.53,34.13,31.53,34.13,23.13,32.03
2026/8/5,36.13,36.13,36.13,36.13,36.53,34.13,31.53,34.13,23.13,32.03
2026/8/6,36.13,36.13,36.13,36.13,36.13,34.13,31.53,34.13,23.13,31.63
2026/8/7,36.13,36.13,36.13,36.13,36.13,34.13,31.53,34.13,23.13,31.63
2026/8/8,36.13,36.13,36.13,36.13,36.13,34.13,31.53,34.13,23.13,31.63
2026/8/9,36.13,36.13,36.13,36.13,36.13,34.13,31.53,34.13,23.13,31.63
2026/8/10,36.13,36.13,36.13,36.13,36.13,34.13,31.53,34.13,23.13,31.63
2026/8/11,36.13,36.13,36.13,36.13,36.13,34.13,31.53,34.13,23.13,31.63
2026/8/12,36.13,36.13,36.13,36.13,36.13,34.13,31.53,34.13,23.13,31.63
2026/8/13,36.13,36.13,36.53,36.13,36.53,34.13,31.53,34.53,23.13,32.03
2026/8/14,36.13,36.13,36.53,36.13,36.53,34.13,31.53,34.53,23.13,32.03
2026/8/15,36.53,36.53,36.53,36.53,36.53,34.53,31.93,34.53,23.53,32.03
2026/8/16,36.53,36.53,36.53,36.53,36.53,34.53,31.93,34.53,23.53,32.03
2026/8/17,36.53,36.53,36.53,36.53,36.53,34.53,31.93,34.53,23.53,32.03
2026/8/18,36.53,36.53,36.53,36.53,36.53,34.53,31.93,34.53,23.53,32.03
2026/8/19,36.53,36.53,36.73,36.53,36.73,34.53,31.93,34.73,23.53,32.23
2026/8/20,36.73,36.73,36.73,36.73,36.73,34.73,32.13,34.73,23.73,32.23
2026/8/21,36.73,36.73,36.73,36.73,36.73,34.73,32.13,34.73,23.73,32.23
2026/8/22,36.73,36.73,36.73,36.73,36.73,34.73,32.13,34.73,23.73,32.23
2026/8/23,36.73,36.73,36.73,36.73,36.73,34.73,32.13,34.73,23.73,32.23
2026/8/24,36.73,36.73,36.73,36.73,36.73,34.73,32.13,34.73,23.73,32.23
2026/8/25,36.73,36.73,36.73,36.73,36.73,34.73,32.13,34.73,23.73,32.23
2026/8/26,36.73,36.73,36.73,36.73,36.73,34.73,32.13,34.73,23.73,32.23
2026/8/27,36.73,36.73,36.73,36.73,36.73,34.73,32.13,34.73,23.73,32.23
2026/8/28,36.73,36.73,36.73,36.73,36.73,34.73,32.13,34.73,23.73,32.23
2026/8/29,36.73,36.73,36.73,36.73,36.73,34.73,32.13,34.73,23.73,32.23
2026/8/30,36.73,36.73,36.73,36.73,36.73,34.73,32.13,34.73,23.73,32.23
2026/8/31,36.73,36.73,36.73,36.73,36.73,34.73,32.13,34.73,23.73,32.23
2026/9/1,36.73,36.73,36.73,36.73,36.73,34.73,32.13,34.73,23.73,32.23
2026/9/2,36.53,36.73,36.73,36.53,36.73,34.53,32.13,34.73,23.53,32.23
2026/9/3,36.53,36.53,36.53,36.53,36.53,34.53,31.93,34.53,23.53,32.03
2026/9/4,36.53,36.53,36.53,36.53,36.53,34.53,31.93,34.53,23.53,32.03
2026/9/5,36.53,36.53,36.53,36.53,36.53,34.53,31.93,34.53,23.53,32.03
2026/9/6,36.53,36.53,36.53,36.53,36.53,34.53,31.93,34.53,23.53,32.03
2026/9/7,36.53,36.53,36.53,36.53,36.53,34.53,31.93,34.53,23.53,32.03
2026/9/8,36.53,36.53,36.83,36.53,36.83,34.53,31.93,34.83,23.53,32.33
2026/9/9,36.53,36.83,37.03,37.03,36.83,34.53,32.23,35.03,24.03,32.33
2026/9/10,37.03,37.03,37.03,37.03,37.33,35.03,32.43,35.03,24.03,32.83
2026/9/11,37.03,37.33,37.33,37.33,37.33,35.03,32.73,35.33,24.33,32.83
2026/9/12,37.33,37.33,37.33,37.33,37.33,35.33,32.73,35.33,24.33,32.83
2026/9/13,37.33,37.33,37.33,37.33,37.33,35.33,32.73,35.33,24.33,32.83
2026/9/14,37.33,37.33,38.03,37.33,38.03,35.33,32.73,36.03,24.33,33.53
2026/9/15,37.73,38.03,38.03,37.73,38.03,35.73,33.43,36.03,24.73,33.53
2026/9/16,37.73,38.03,38.03,37.73,38.43,35.73,33.43,36.03,24.73,33.93
2026/9/17,38.03,38.43,38.43,38.43,38.43,36.03,33.83,36.43,25.43,33.93
2026/9/18,38.03,38.43,38.43,38.43,38.43,36.03,33.83,36.43,25.43,33.93
2026/9/19,38.43,38.43,38.43,38.43,38.43,36.43,33.83,36.43,25.43,33.93
2026/9/20,38.43,38.43,38.43,38.43,38.43,36.43,33.83,36.43,25.43,33.93
2026/9/21,38.43,38.43,38.43,38.43,38.43,36.43,33.83,36.43,25.43,33.93
2026/9/22,38.43,38.43,38.43,38.43,38.43,36.43,33.83,36.43,25.43,33.93
2026/9/23,38.13,38.13,38.13,38.13,38.13,36.13,33.53,36.13,25.13,33.63
2026/9/24,38.13,38.13,38.13,38.13,38.13,36.13,33.53,36.13,25.13,33.63
2026/9/25,38.13,38.13,38.13,38.13,38.13,36.13,33.53,36.13,25.13,33.63
2026/9/26,38.13,38.13,38.13,38.13,38.13,36.13,33.53,36.13,25.13,33.63
2026/9/27,38.13,38.13,38.13,38.13,38.13,36.13,33.53,36.13,25.13,33.63
2026/9/28,38.13,38.13,38.13,38.13,38.13,36.13,33.53,36.13,25.13,33.63
2026/9/29,38.13,38.13,38.13,38.13,38.13,36.13,33.53,36.13,25.13,33.63
2026/9/30,37.93,38.13,38.13,37.93,38.13,35.93,33.53,36.13,24.93,33.63
2026/10/2,37.93,37.93,37.93,37.93,37.93,35.93,33.33,35.93,24.93,33.43
2026/10/3,37.93,37.93,37.93,37.93,37.93,35.93,33.33,35.93,24.93,33.43
