Date,E10RON95_M5_Z1,E10RON95_M5_Z2,E10RON95_M5_Avg,E10RON95_M3_Z1,E10RON95_M3_Z2,E10RON95_M3_Avg,E5RON92_M2_Z1,E5RON92_M2_Z2,E5RON92_M2_Avg,DO001S_M5_Z1,DO001S_M5_Z2,DO001S_M5_Avg,DO005S_M2_Z1,DO005S_M2_Z2,DO005S_M2_Avg,Kero2K_Z1,Kero2K_Z2,Kero2K_Avg
2026/10/9,29050,29630,29340,28250,28810,28530,27700,28250,27975,30520,31130,30825,29120,29700,29410,30630,31240,30935
2026/5/12,,,,23730,,,,23790,,,,,,,,27490,,
2026/5/14,,,,23450,,,,23130,,,,,,,,27220,,
2026/5/21,,,,25050,,,,24340,,,,,,,,28760,,
2026/5/28,,,,23660,,,,23250,,,,,,,,27650,,
2026/6/4,,,,22330,,,,21780,,,,,,,,26860,,
2026/6/11,,,,22060,,,,21330,,,,,,,,25870,,
2026/6/18,,,,20750,,,,20120,,,,,,,,23530,,
2026/6/25,,,,19910,,,,19350,,,,,,,,21860,,
2026/7/1,,,,21200,,,,20780,,,,,,,,21860,,
2026/7/2,,,,20410,,,,19730,,,,,,,,21170,,
2026/7/9,,,,20000,,,,19190,,,,,,,,21740,,
2026/7/16,,,,20550,,,,19820,,,,,,,,23320,,
2026/7/23,,,,21430,,,,20880,,,,,,,,25760,,
2026/7/30,,,,22850,,,,22380,,,,,,,,27620,,
2026/8/6,,,,22320,,,,21720,,,,,,,,27540,,
2026/8/13,,,,22110,,,,21230,,,,,,,,27230,,
2026/8/20,,,,22660,,,,21830,,,,,,,,28540,,
2026/8/27,,,,22600,,,,21760,,,,,,,,28080,,
2026/9/3,,,,23270,,,,22480,,,,,,,,27740,,
2026/9/10,,,,24230,,,,23740,,,,,,,,28480,,
2026/9/17,,,,25630,,,,25130,,,,,,,,29940,,
2026/9/24,,,,27080,,,,26390,,,,,,,,30490,,
2026/10/1,,,,27180,,,,26560,,,,,,,,29710,,
2026/10/8,,,,28250,,,,27700,,,,,,,,29120,,
2026/10/09,29050,29630,29340.0,28250,28810,28530.0,27700,28250,27975.0,30520,31130,30825.0,29120,29700,29410.0,30630,31240,30935.0
2026/10/10,29050,29630,29340.0,28250,28810,28530.0,27700,28250,27975.0,30520,31130,30825.0,29120,29700,29410.0,30630,31240,30935.0
